{
  "IsEncrypted": false,
  "Values": {
    "AzureWebJobsStorage": "UseDevelopmentStorage=true",
    "FUNCTIONS_WORKER_RUNTIME": "dotnet",
	"ReportReceipents": "Kaush.Kakanaboyina@voya.com;kkakanab@gmu.edu"

    "ReportReceipents": "",
    "SenderEmail": "",
    "SenderName": "",
    "SmtpServer": "",
    "SmtpPort": 25,
    "EnableSsl": true,
    "SmtpUsername": "",
    "SmtpPassword": "",
    "EmailSubject": "Deleted resources found",
    "LogWorkspaceId": "",
    "TenantId": "",
    "ClientID": "",
    "ClientSecret": ""
  }
}